_id,category_id,user_id,name
63fae239367b908c7d804836,63fae011367b908c7d80482a,63fae1fa367b908c7d80482e,HTML
63fae239367b908c7d804837,63fae011367b908c7d80482a,63fae1fa367b908c7d80482e,CSS
63fae239367b908c7d804838,63fae011367b908c7d80482a,63fae1fa367b908c7d80482e,JavaScript
63fae239367b908c7d804839,63fae011367b908c7d80482a,63fae1fa367b908c7d80482e,Bootstrap
63fae239367b908c7d80483a,63fae011367b908c7d80482b,63fae1fa367b908c7d80482f,NodeJS
63fae239367b908c7d80483b,63fae011367b908c7d80482b,63fae1fa367b908c7d80482f,MongoDB
63fae239367b908c7d80483c,63fae011367b908c7d80482b,63fae1fa367b908c7d80482f,ExpressJS
63fae239367b908c7d80483d,63fae011367b908c7d80482c,63fae1fa367b908c7d804830,PhotoShop
63fae239367b908c7d80483e,63fae011367b908c7d80482c,63fae1fa367b908c7d804830,Illustrator
